Hypothesis,Precision,Recall,Fmeasure_score,hamming_loss,Accuracy_Score,Train/Test_Size,Project
H3,0.5574479161435684,0.6305996961484767,0.5917717150418778,0.2783400809716599,0.7216599190283401,0.8,audacity
H3,0.5184591642924976,0.7459369334369335,0.6117352621051496,0.23481781376518218,0.7651821862348178,0.8,audacity
H3,0.4924582824582825,0.7131080924184372,0.5825908779769954,0.2165991902834008,0.7834008097165992,0.8,audacity
H3,0.38223938223938225,0.33,0.3542039355992845,0.4175824175824176,0.5824175824175823,0.7,audacity
H3,0.5423076923076923,0.47,0.5035714285714286,0.3215731636784268,0.6784268363215732,0.7,audacity
H3,0.4491844416562108,0.5966666666666667,0.5125268432355047,0.3938692886061307,0.6061307113938693,0.7,audacity
