Hypothesis,Precision,Recall,Fmeasure_score,hamming_loss,Accuracy_Score,Train/Test_Size,Project
H2,0.4808355113575996,0.4302635969302636,0.8378083109855652,0.16626506024096385,0.8337349397590361,0.8,rxjava_2
