Hypothesis,Precision,Recall,Fmeasure_score,hamming_loss,Accuracy_Score,Train/Test_Size,Project
H3,1.5904761904761906,0.3333333333333333,0.7185434699058533,0.19327731092436976,0.8067226890756303,0.8,jabRef50_2
