Hypothesis,Precision,Recall,Fmeasure_score,hamming_loss,Accuracy_Score,Train/Test_Size,Project
H3,0.2571384233395407,0.2689265536723164,0.7111533284187317,0.17783985102420857,0.8221601489757915,0.8,rxjava_2
