Hypothesis,Precision,Recall,Fmeasure_score,hamming_loss,Accuracy_Score,Train/Test_Size,Project
H1,0.2332362526870536,0.38906088751289986,0.48749086260795593,0.34553775743707094,0.6544622425629291,0.8,audacity
