Hypothesis,Precision,Recall,Fmeasure_score,hamming_loss,Accuracy_Score,Train/Test_Size,Project
Baseline,0.3453280053280053,0.6814541524293848,0.3242632746696472,0.6894736842105263,0.31052631578947365,0.8,audacity
