Hypothesis,Precision,Recall,Fmeasure_score,hamming_loss,Accuracy_Score,Train/Test_Size,Project
H3,0.6248666746448703,1.4568596114922616,0.36258041858673096,0.427536231884058,0.572463768115942,0.8,rxjava_2
