Hypothesis,Precision,Recall,Fmeasure_score,hamming_loss,Accuracy_Score,Train/Test_Size,Project
H3,0.6436170212765957,0.568075117370892,0.6034912718204488,0.19806913734039241,0.8019308626596076,0.7,powertoys
H3,0.6179295624332978,0.6795774647887324,0.6472889882615988,0.19651199003425723,0.8034880099657428,0.7,powertoys
H3,0.6342281879194631,0.6654929577464789,0.6494845360824744,0.19059483027094362,0.8094051697290564,0.7,powertoys
