Hypothesis,Precision,Recall,Fmeasure_score,hamming_loss,Accuracy_Score,Train/Test_Size,Project
H3,0.7057971014492752,0.8365384615384616,0.765626411753013,0.18169336384439358,0.8183066361556064,0.8,jabRef_2
H3,0.7173617272996156,0.9807692307692308,0.828636102679669,0.18421052631578946,0.8157894736842105,0.8,jabRef_2
H3,0.7407564510427713,0.9134615384615384,0.8180935423119171,0.17734553775743708,0.8226544622425629,0.8,jabRef_2
