Hypothesis,Precision,Recall,Fmeasure_score,FMicroSk,hamming_loss,Accuracy_Score,Train/Test_Size,Project
H3,0.8535469107551488,0.7242718446601941,0.7836134453781513,0.7836134453781513,0.1672077922077922,0.8327922077922079,0.7,rxjava_2
H3,0.844789356984479,0.7398058252427184,0.7888198757763976,0.16558441558441558,0.8344155844155844,0.7,rxjava_2
H3,0.8663484486873508,0.7048543689320388,0.7773019271948608,0.16883116883116883,0.8311688311688312,0.7,rxjava_2
