Hypothesis,Precision,Recall,Fmeasure_score,hamming_loss,Accuracy_Score,Train/Test_Size,Project
H3,0.8231673195299385,0.595787768327258,0.6912593984962405,0.19104390811282349,0.8089560918871765,0.7,jabRef_2
H3,0.8199889563776919,0.6014580801944107,0.6939252336448598,0.19046234370456527,0.8095376562954347,0.7,jabRef_2
H3,0.8033707865168539,0.6371000405022276,0.7106392590919357,0.18624600174469322,0.8137539982553068,0.7,jabRef_2
