Hypothesis,Precision,Recall,Fmeasure_score,hamming_loss,Accuracy_Score,Train/Test_Size,Project
H3,0.9872611464968153,0.5882352941176471,0.7372175980975029,0.1782258064516129,0.82177419354,0.8,rxjava_2
H3,0.8252631578947368,0.7611650485436893,0.7919191919191919,0.1672077922077922,0.8327922077922079,0.8,rxjava_2
H3,0.8806682577565632,0.7165048543689321,0.7901498929336188,0.1590909090909091,0.8409090909090909,0.8,rxjava_2
