Hypothesis,Precision,Recall,Fmeasure_score,hamming_loss,Accuracy_Score,Train/Test_Size,Project
H3,0.4452690166975881,0.48582995951417,0.46466602129719264,0.35932423651721895,0.6406757634827811,0.20000000000000007,audacity
H3,0.46200980392156865,0.7631578947368421,0.5755725190839694,0.3612735542560104,0.6387264457439896,0.20000000000000007,audacity
H3,0.47756874095513746,0.6680161943319838,0.5569620253164557,0.341130604288499,0.658869395711501,0.20000000000000007,audacity
H3,0.4154929577464789,0.597165991902834,0.49003322259136206,0.39896036387264455,0.6010396361273554,0.20000000000000007,audacity
H3,0.3490153172866521,0.645748987854251,0.453125,0.5003248862897985,0.49967511371020146,0.20000000000000007,audacity
H3,0.3873598369011213,0.7692307692307693,0.5152542372881357,0.4645873944119558,0.5354126055880442,0.20000000000000007,audacity
H3,0.4180790960451977,0.5991902834008097,0.492512479201331,0.396361273554256,0.603638726445744,0.20000000000000007,audacity
H3,0.40613718411552346,0.45546558704453444,0.42938931297709926,0.3885640025990903,0.6114359974009097,0.20000000000000007,audacity
