Hypothesis,Precision,Recall,Fmeasure_score,hamming_loss,Accuracy_Score,Train/Test_Size,Project
Baseline,0.30403742565679276,0.3071443158131936,0.6619874835014343,0.20562248995983937,0.7943775100401607,0.8,jabRef50_2
