Hypothesis,Precision,Recall,Fmeasure_score,hamming_loss,Accuracy_Score,Train/Test_Size,Project
H3,1.1667607754564278,0.4191919191919192,0.6374204158782959,0.2916666666666667,0.7083333333333333,0.8,guava_2
