Hypothesis,Precision,Recall,Fmeasure_score,hamming_loss,Accuracy_Score,Train/Test_Size,Project
H3,0.49840333054042735,0.6817891081871346,0.7142399549484253,0.29545454545454547,0.7045454545454546,0.8,mockito_2
