Hypothesis,Precision,Recall,Fmeasure_score,hamming_loss,Accuracy_Score,Train/Test_Size,Project
H3,0.7691921726041144,0.6711908931698775,0.7168576104746319,0.1815864447443395,0.8184135552556605,0.7,jabRef_2
H3,0.8036219581211093,0.6217162872154116,0.7010614663046162,0.1815864447443395,0.8184135552556605,0.7,jabRef_2
H3,0.7956403269754768,0.6392294220665499,0.7089099295945618,0.17978707452391662,0.8202129254760834,0.7,jabRef_2
